Keyword(s),Response
hello, Hello. I'm here to help. Can you share what’s causing you?
stress,I'm here to help. Can you share what’s causing your stress?
anxiety,It’s okay to feel anxious. Let’s talk about it. What’s on your mind?
depression,You are not alone. Would you like to talk to a counselor?
fear,It’s normal to feel afraid. I can guide you through it.
relationship,I understand relationships can be difficult. Would you like some guidance?
abuse,I'm so sorry you're going through this. You can seek help from a counselor here.
help,I'm here to support you. Tell me what you need help with.
mental health,Your mental well-being is important. How are you feeling today?
lonely,You are not alone. I am here to listen. Would you like to talk more?
sad,I understand. Talking about it can help. Would you like to share?
worried,It’s okay to feel worried. Would you like to talk to a counselor?
stressful job,Work stress can be overwhelming. Let’s discuss how to manage it.
family issues,Family problems can be tough. Would you like some advice on handling them?
abusive relationship,You deserve to be safe. Do you need help finding support?
self-doubt,You are stronger than you think. Let’s talk about your concerns.
anger,Managing anger is important. Would you like tips on calming techniques?
unhappy,I'm here to help. What’s making you feel this way?
counseling,You can schedule a session with our counselor. Would you like me to help?
panic attack,Take a deep breath. I can guide you through calming exercises.
financial stress,Money problems can be stressful. I can suggest ways to manage it.
trust issues,Building trust takes time. Would you like to explore ways to improve it?
guilt,It's okay to feel guilty, but let’s talk about how to work through it.
self-esteem,You are valuable. Let’s work on building your confidence.
body image,You are beautiful just as you are. Would you like to talk about body positivity?
breakup,I understand breakups are hard. Healing takes time. Let’s talk about self-care.
marriage issues,Marriage has its ups and downs. Would you like to explore solutions?
divorce,Divorce is a big step. I can help you find ways to cope and move forward.
motherhood,Being a mom is challenging. What support do you need?
pregnancy,It’s a special journey. Do you have any concerns about your pregnancy?
miscarriage,I'm truly sorry for your loss. You are not alone in this.
parenting,Parenting is tough. Let’s talk about ways to make it easier.
domestic violence,You don’t deserve this. I can help you find safety and support.
harassment,You are not alone. Have you considered speaking to a professional about this?
PTSD,Past trauma can be difficult. Let’s talk about coping mechanisms.
loneliness,You are important. I’m here to listen and support you.
burnout,It sounds like you’re exhausted. Let’s talk about self-care and balance.
isolation,Being isolated can be hard. Let’s find ways to reconnect.
low energy,You seem drained. Have you had enough rest and self-care?
overthinking,Overthinking can be exhausting. Let’s practice calming techniques.
nightmares,It sounds scary. Do you want to talk about your nightmares?
sleep problems,Sleep is essential. Would you like tips on improving your sleep?
eating disorder,Your health is important. Would you like to talk to a specialist?
violence,Your safety is a priority. Please seek help if you need immediate support.
career stress,Work can be overwhelming. Would you like tips on managing stress?
work-life balance,Finding balance is tough. Let’s discuss ways to make it easier.
self-harm,You are not alone. Please reach out for support. I am here to help.
suicidal thoughts,I'm deeply sorry you feel this way. You are not alone. Please talk to someone who can help.
loss of loved one,Grieving is a long process. I'm here if you want to talk.
grief,It’s okay to grieve. Let’s talk about your feelings.
guilt,I hear you. Let’s talk about why you feel this way.
forgiveness,Forgiving yourself is important. Let’s explore ways to heal.
shame,You don’t have to carry this alone. Let’s talk about it.
happiness,What brings you joy? Let’s explore how to bring more happiness into your life.
motivation,You are capable of amazing things. Let’s talk about staying motivated.
confidence,You are strong and capable. Let’s boost your self-confidence!
insecurity,We all have insecurities. Let’s work on building self-acceptance.
support system,Having a strong support system is important. Do you have close friends or family to talk to?
anxious thoughts,Let’s take a deep breath together. What’s worrying you?
therapy,Talking to a professional can help. Would you like recommendations for therapy?
loneliness at night,Nighttime loneliness can be tough. Would you like relaxation techniques to ease your mind?
crying often,Crying is a way to express emotions. What’s been on your mind lately?
overwhelmed,It sounds like you have a lot on your plate. Let’s talk about how to manage it.
feeling lost,Feeling lost is tough. Let’s talk about what’s troubling you.
trust problems,Trust is hard to rebuild. Would you like some steps to work on it?
fear of future,It’s okay to feel uncertain. Let’s talk about how to manage those fears.
lack of purpose,Finding meaning takes time. What are some things that interest you?
self-care,Self-care is important. Do you have activities that help you relax?
stress eating,Emotional eating can be a response to stress. Let’s explore other coping strategies.
social anxiety,Social situations can be stressful. Let’s discuss how to handle them with ease.
negative thoughts,Negative thoughts can be overwhelming. Would you like help reframing them?
nervousness,It’s normal to feel nervous. Let’s work on calming techniques together.
self-worth,You are valuable just as you are. Let’s talk about building self-worth.
rejection,Rejection is painful, but it doesn’t define you. Let’s talk about handling it positively.
career choices,Choosing a career can be tough. What are your interests?
unmotivated,It’s okay to lack motivation sometimes. Would you like some inspiration?
feeling stuck,Feeling stuck is frustrating. Let’s talk about what’s holding you back.
letting go,Letting go is a process. Would you like guidance on moving forward?
social isolation,It’s hard to be alone. Let’s discuss ways to reconnect with others.
change,Change can be scary, but it’s also an opportunity for growth. Let’s talk about it.
mindfulness,Being present in the moment can help. Would you like mindfulness tips?
fears of failure,Failure is a stepping stone to success. Let’s talk about overcoming fear.
perfectionism,Perfection isn’t necessary to be valued. Let’s work on self-acceptance.
loneliness after breakup,Heartbreak is tough. Let’s talk about healing and moving forward.
fear of judgment,You are worthy regardless of others’ opinions. Let’s build self-confidence.
feeling unloved,You are loved and valued. Let’s talk about ways to find support.
emotional exhaustion,You sound drained. Would you like relaxation strategies?
self-reflection,Understanding yourself is powerful. Let’s discuss personal growth.
coping strategies,There are many ways to cope. Would you like to explore some together?
feeling disconnected,Connection is important. Let’s talk about rebuilding relationships.
negative self-talk,Your thoughts matter. Let’s reframe negative thinking patterns.
unexpressed emotions,Holding things in can be difficult. Would you like to talk about your feelings?
inability to focus,Difficulty concentrating can be frustrating. Let’s discuss ways to improve focus.
